{
  "digital-lending-1" : {
    "transaction" : "digital-lending-1",
    "sampleCount" : 387,
    "errorCount" : 0,
    "errorPct" : 0.0,
    "meanResTime" : 4905.2093023255875,
    "medianResTime" : 4293.0,
    "minResTime" : 50.0,
    "maxResTime" : 37732.0,
    "pct1ResTime" : 6498.199999999998,
    "pct2ResTime" : 12992.799999999997,
    "pct3ResTime" : 31192.000000000004,
    "throughput" : 5.621731551423592,
    "receivedKBytesPerSec" : 142.6679080340282,
    "sentKBytesPerSec" : 0.7631061383280069
  },
  "digital-lending-0" : {
    "transaction" : "digital-lending-0",
    "sampleCount" : 387,
    "errorCount" : 0,
    "errorPct" : 0.0,
    "meanResTime" : 157.16795865633063,
    "medianResTime" : 55.0,
    "minResTime" : 4.0,
    "maxResTime" : 4420.0,
    "pct1ResTime" : 133.2,
    "pct2ResTime" : 549.5999999999998,
    "pct3ResTime" : 3773.920000000001,
    "throughput" : 5.626472042104038,
    "receivedKBytesPerSec" : 3.335336756891338,
    "sentKBytesPerSec" : 0.7692442245064116
  },
  "payLater" : {
    "transaction" : "payLater",
    "sampleCount" : 400,
    "errorCount" : 10,
    "errorPct" : 2.5,
    "meanResTime" : 4420.269999999998,
    "medianResTime" : 4402.5,
    "minResTime" : 0.0,
    "maxResTime" : 29340.0,
    "pct1ResTime" : 6110.8,
    "pct2ResTime" : 9826.5,
    "pct3ResTime" : 21274.420000000016,
    "throughput" : 5.952292376601538,
    "receivedKBytesPerSec" : 220.5497110580572,
    "sentKBytesPerSec" : 1.5171079578428894
  },
  "Total" : {
    "transaction" : "Total",
    "sampleCount" : 2758,
    "errorCount" : 27,
    "errorPct" : 0.9789703,
    "meanResTime" : 7212.724437998542,
    "medianResTime" : 3854.5,
    "minResTime" : 0.0,
    "maxResTime" : 77248.0,
    "pct1ResTime" : 23320.899999999994,
    "pct2ResTime" : 38350.49999999994,
    "pct3ResTime" : 50621.69,
    "throughput" : 35.058282169596666,
    "receivedKBytesPerSec" : 753.719264517313,
    "sentKBytesPerSec" : 5.840729830047414
  },
  "Dana Home" : {
    "transaction" : "Dana Home",
    "sampleCount" : 400,
    "errorCount" : 2,
    "errorPct" : 0.5,
    "meanResTime" : 31095.49249999999,
    "medianResTime" : 30959.0,
    "minResTime" : 9513.0,
    "maxResTime" : 77248.0,
    "pct1ResTime" : 49994.8,
    "pct2ResTime" : 51443.65,
    "pct3ResTime" : 66587.05,
    "throughput" : 5.097099750242112,
    "receivedKBytesPerSec" : 121.57242441160355,
    "sentKBytesPerSec" : 0.5695660536342322
  },
  "payLater-1" : {
    "transaction" : "payLater-1",
    "sampleCount" : 392,
    "errorCount" : 2,
    "errorPct" : 0.5102041,
    "meanResTime" : 4254.645408163262,
    "medianResTime" : 4255.5,
    "minResTime" : 0.0,
    "maxResTime" : 23886.0,
    "pct1ResTime" : 6001.5,
    "pct2ResTime" : 9128.999999999995,
    "pct3ResTime" : 19281.14,
    "throughput" : 5.836546908267945,
    "receivedKBytesPerSec" : 217.04053943391452,
    "sentKBytesPerSec" : 0.7541994383068059
  },
  "payLater-0" : {
    "transaction" : "payLater-0",
    "sampleCount" : 392,
    "errorCount" : 0,
    "errorPct" : 0.0,
    "meanResTime" : 255.72448979591834,
    "medianResTime" : 50.0,
    "minResTime" : 4.0,
    "maxResTime" : 26251.0,
    "pct1ResTime" : 111.0,
    "pct2ResTime" : 216.79999999999973,
    "pct3ResTime" : 5016.03,
    "throughput" : 5.839155110005511,
    "receivedKBytesPerSec" : 3.3934066749959038,
    "sentKBytesPerSec" : 0.7641081882233776
  },
  "digital-lending" : {
    "transaction" : "digital-lending",
    "sampleCount" : 400,
    "errorCount" : 13,
    "errorPct" : 3.25,
    "meanResTime" : 4897.959999999996,
    "medianResTime" : 4383.5,
    "minResTime" : 0.0,
    "maxResTime" : 37792.0,
    "pct1ResTime" : 6912.900000000007,
    "pct2ResTime" : 13061.949999999999,
    "pct3ResTime" : 31118.120000000017,
    "throughput" : 5.8090563188010105,
    "receivedKBytesPerSec" : 146.34594189763715,
    "sentKBytesPerSec" : 1.5313018503659706
  }
}